[
  {
    "type": "user",
    "message": "hi",
    "timestamp": "2025-11-16T13:57:16.618218"
  },
  {
    "type": "ai",
    "message": "Hello there! How can I help you today?",
    "timestamp": "2025-11-16T13:57:16.618218"
  },
  {
    "type": "user",
    "message": "tell me about cookies",
    "timestamp": "2025-11-16T13:57:34.536630"
  },
  {
    "type": "ai",
    "message": "Let's talk about cookies! There are two main interpretations of the word \"cookie,\" and they're both fascinating:\n\n## 1. The Delicious Baked Treat:\n\nThis is the one most people think of first. A cookie is a **small, flat, baked confection**, typically made from flour, sugar, eggs, and fat (like butter or oil). They come in an incredible variety of shapes, sizes, flavors, and textures.\n\n**Key characteristics of baked cookies:**\n\n*   **Ingredients:** The foundational ingredients are flour, sugar, fat, and eggs. Leavening agents (like baking soda or powder) are often added for texture. Flavorings like vanilla, chocolate chips, nuts, spices, and fruits are common additions.\n*   **Texture:** This is a huge differentiator. Cookies can be:\n    *   **Crisp and crunchy:** Think of thin, brittle cookies.\n    *   **Chewy:** Often achieved with a higher ratio of sugar to flour and less leavening.\n    *   **Soft and cakey:** Similar to a small cake.\n    *   **Melty:** Like a good chocolate chip cookie where the chips haven't fully solidified.\n*   **Types and Variations:** The world of baked cookies is vast! Here are just a few popular categories:\n    *   **Chocolate Chip Cookies:** The undisputed king for many.\n    *   **Oatmeal Cookies:** Often feature oats, raisins, and spices.\n    *   **Sugar Cookies:** Simple, versatile, and often decorated for holidays.\n    *   **Shortbread:** Rich in butter, crumbly, and less sweet.\n    *   **Gingerbread Cookies:** Spiced with ginger and often shaped into festive figures.\n    *   **Peanut Butter Cookies:** Distinctive peanut butter flavor and often a cross-hatch pattern.\n    *   **Macarons:** Delicate, meringue-based sandwich cookies with a chewy interior.\n    *   **Biscuits (in some cultures):** In the UK and some other parts of the world, \"biscuits\" are often what Americans call cookies.\n*   **History:** The origin of cookies can be traced back to ancient Persia, where small, sweetened cakes were made. The modern cookie as we know it evolved significantly in Europe, particularly with the introduction of sugar. They became more widespread with the advent of ovens and eventually traveled to the Americas with European settlers.\n*   **Cultural Significance:** Cookies are often associated with comfort, holidays, celebrations, and home baking. They're a popular treat for kids and adults alike.\n\n## 2. The Digital Data Packet:\n\nIn the world of computing and the internet, a **cookie** is a **small piece of data** that a website stores on a user's computer or device. When you browse the web, websites send these cookies to your browser, and your browser stores them. The next time you visit that same website, your browser sends the cookie back, allowing the website to remember information about you.\n\n**Key functions and characteristics of web cookies:**\n\n*   **Purpose:** Cookies are used for a variety of reasons, including:\n    *   **Session Management:** Keeping you logged in to a website so you don't have to re-enter your username and password on every page.\n    *   **Personalization:** Remembering your preferences, such as language settings, theme choices, or items in a shopping cart.\n    *   **Tracking and Analytics:** Websites use cookies to understand how users interact with their site, which pages are visited, how long users stay, etc. This helps them improve their content and user experience.\n    *   **Advertising:** Cookies are crucial for targeted advertising. They allow advertisers to track your browsing habits across different websites and show you ads relevant to your interests.\n*   **Types of Cookies:**\n    *   **Session Cookies:** These are temporary and are deleted when you close your browser.\n    *   **Persistent Cookies:** These remain on your device for a set period (which can be days, months, or even years) or until you delete them manually.\n    *   **First-Party Cookies:** Set by the website you are currently visiting.\n    *   **Third-Party Cookies:** Set by a domain other than the one you are currently visiting, often by advertisers or analytics services embedded on the website.\n*   **Privacy Concerns:** While cookies are essential for a functional web experience, they also raise privacy concerns. The ability to track users' online activity has led to regulations like GDPR and CCPA, requiring websites to inform users about their cookie usage and obtain consent.\n*   **User Control:** Most browsers allow users to:\n    *   View and delete existing cookies.\n    *   Block all cookies.\n    *   Block third-party cookies.\n    *   Receive notifications when cookies are being sent.\n\n**In summary:**\n\nWhen someone mentions \"cookies,\" it's important to consider the context. Are they talking about a delicious treat to enjoy with a glass of milk, or a piece of digital data that helps websites remember you online? Both are fascinating in their own right!",
    "timestamp": "2025-11-16T13:57:34.536630"
  },
  {
    "type": "user",
    "message": "hi",
    "timestamp": "2025-11-16T14:00:17.657859"
  },
  {
    "type": "ai",
    "message": "Hi there! How can I help you today?",
    "timestamp": "2025-11-16T14:00:17.657859"
  },
  {
    "type": "user",
    "message": "can you help me make script?",
    "timestamp": "2025-11-16T14:00:34.861140"
  },
  {
    "type": "ai",
    "message": "Absolutely! I'd be happy to help you make a script. To give you the best assistance, I need a little more information. Please tell me:\n\n**1. What kind of script do you want to make?**\n\n*   **For a video?** (YouTube, short film, commercial, explainer video, etc.)\n*   **For a play or theatrical production?** (Stage play, sketch, monologue, etc.)\n*   **For a podcast or audio drama?**\n*   **For a game?** (Dialogue, quest script, narrative, etc.)\n*   **A simple story or narrative?**\n*   **Something else entirely?**\n\n**2. What is the script about? What's the topic, theme, or story?**\n\n*   **If it's a story:** What's the basic plot? Who are the main characters? What's the setting? What's the conflict or goal?\n*   **If it's informative:** What information do you want to convey? Who is your target audience?\n*   **If it's for a specific purpose:** What do you want the audience to do, feel, or learn after experiencing the script?\n\n**3. Who is the intended audience?**\n\n*   Children? Adults? A specific age group?\n*   Professionals? Hobbyists? General public?\n\n**4. What is the desired tone or mood?**\n\n*   Funny? Serious? Dramatic? Inspirational? Educational? Scary? Romantic?\n\n**5. What is the desired length?**\n\n*   A few minutes? An hour? A short piece? A full-length feature?\n\n**6. Do you have any specific ideas or elements you want to include?**\n\n*   Particular scenes?\n*   Key lines of dialogue?\n*   Specific character traits?\n*   A twist ending?\n\n**7. What is your current level of experience with scriptwriting?**\n\n*   Beginner?\n*   Some experience?\n*   Experienced?\n\n**The more details you can provide, the better I can tailor my help to your needs!**\n\nFor example, you could say:\n\n\"I want to write a short YouTube video script about **how to make a simple pasta dish**. It's for **beginners** and should be **fun and encouraging**. I want it to be about **5 minutes long** and include a segment on **choosing the right ingredients**.\"\n\nOr:\n\n\"I need a script for a **short dramatic play** about **two estranged siblings meeting after many years**. The setting is a **somber cafe**. The tone should be **tense and emotional**. I have a specific idea for a scene where they **argue about a shared memory**.\"\n\nOnce I have this information, I can help you with things like:\n\n*   **Brainstorming ideas**\n*   **Developing characters**\n*   **Structuring the narrative**\n*   **Writing dialogue**\n*   **Formatting the script**\n*   **Suggesting scene descriptions**\n*   **Providing examples**\n*   **Giving feedback on your ideas**\n\nLooking forward to hearing your ideas! Let's get started!",
    "timestamp": "2025-11-16T14:00:34.861140"
  },
  {
    "type": "user",
    "message": "who is oracle of delphi?",
    "timestamp": "2025-11-16T14:01:51.562689"
  },
  {
    "type": "ai",
    "message": "The **Oracle of Delphi** was a very influential figure in ancient Greece, renowned for her prophetic abilities. She wasn't a single person in the way we think of a prophet today. Instead, the title \"Oracle of Delphi\" referred to the **high priestess of the Temple of Apollo at Delphi**.\n\nHere's a breakdown of who she was and her significance:\n\n*   **The Pythia:** The priestess herself was known as the **Pythia**. She was chosen from the local women of Delphi and served for a significant period.\n*   **The Temple of Apollo:** The Pythia presided over the worship of Apollo at his sacred sanctuary in Delphi. This sanctuary was one of the most important religious centers in the ancient Greek world.\n*   **The Prophecies:** The Pythia was believed to be a conduit for the god Apollo, delivering his prophecies to those who sought them. People from all walks of life, from commoners to kings and generals, traveled from far and wide to consult the Oracle.\n*   **The Process of Prophecy:** The exact nature of the Pythia's trance and pronouncements is debated among scholars. It's believed she sat on a tripod over a chasm in the temple, inhaled vapors rising from the earth (though the existence and nature of these vapors are also debated), and entered a trance-like state. In this state, she would utter words and sounds that were then interpreted by the priests of the temple into riddles or pronouncements. These pronouncements were often ambiguous and open to interpretation, leading to a great deal of discussion and often shaping the decisions of those who consulted her.\n*   **Influence and Significance:** The Oracle of Delphi held immense political, social, and religious power. Her pronouncements influenced:\n    *   **Wars and Politics:** Kings and city-states sought her advice on matters of war, alliances, and governance.\n    *   **Colonization:** The decision to establish new colonies was often guided by the Oracle.\n    *   **Personal Matters:** Individuals consulted the Oracle on marriage, business, and other personal decisions.\n    *   **Religious Practices:** She played a role in shaping religious rituals and understanding.\n\n**In essence, the Oracle of Delphi was the earthly voice of the god Apollo, a powerful and revered figure whose pronouncements had a profound impact on the ancient Greek world for centuries.** While the specific individuals who served as Pythia changed over time, the role and the reverence for the Oracle of Delphi remained constant.",
    "timestamp": "2025-11-16T14:01:51.562689"
  },
  {
    "type": "user",
    "message": "how about food?",
    "timestamp": "2025-11-16T14:08:59.548282"
  },
  {
    "type": "ai",
    "message": "Food is a massive and fascinating topic! To give you the best answer, I need a little more direction. What about food are you interested in?\n\nHere are some possibilities to get us started:\n\n**General & Broad:**\n\n*   **What is food?** (Definition, essential nutrients, role in survival)\n*   **The history of food.** (Domestication, culinary evolution, major shifts)\n*   **The global food system.** (Production, distribution, challenges like food security and sustainability)\n*   **The sociology and anthropology of food.** (Cultural significance, rituals, identity)\n\n**Specific Aspects of Food:**\n\n*   **Types of food:**\n    *   **Healthy eating/Nutrition:** Macronutrients (carbs, proteins, fats), micronutrients (vitamins, minerals), balanced diets, specific diets (vegan, keto, Mediterranean).\n    *   **Unhealthy eating:** Processed foods, sugar, unhealthy fats, consequences.\n    *   **Specific food groups:** Fruits, vegetables, grains, proteins, dairy.\n*   **Cooking & Cuisine:**\n    *   **Cooking techniques:** Baking, frying, boiling, grilling, etc.\n    *   **Different cuisines around the world:** Italian, Mexican, Chinese, Indian, French, etc.\n    *   **Recipes and cooking tips.**\n    *   **Food science:** How cooking transforms ingredients.\n*   **Food Production & Industry:**\n    *   **Agriculture:** Farming practices, crop types, animal husbandry.\n    *   **Food processing and manufacturing.**\n    *   **Food safety and regulations.**\n    *   **Food waste.**\n*   **Sensory Experience:**\n    *   **Taste and flavor.**\n    *   **Smell and aroma.**\n    *   **Texture.**\n*   **Food & Health:**\n    *   **Dietary recommendations for specific health conditions.**\n    *   **The gut microbiome and its relation to food.**\n    *   **Allergies and intolerances.**\n*   **Food & Culture:**\n    *   **Food traditions and holidays.**\n    *   **Street food.**\n    *   **Food as art.**\n*   **Food & the Environment:**\n    *   **Sustainable food choices.**\n    *   **Organic farming.**\n    *   **The environmental impact of different foods.**\n\n**To help me narrow it down, could you tell me:**\n\n*   **Are you looking for general information or something specific?**\n*   **Are you interested in the science, culture, health, or something else related to food?**\n*   **Is there a particular type of food or cuisine you're curious about?**\n*   **Are you trying to solve a food-related problem (e.g., what to cook, how to eat healthier)?**\n\nOnce I have a better understanding of what you're interested in, I can provide a much more useful and tailored response! Let's talk food!",
    "timestamp": "2025-11-16T14:08:59.548282"
  },
  {
    "type": "user",
    "message": "tell me about food",
    "timestamp": "2025-11-16T14:12:40.737668"
  },
  {
    "type": "ai",
    "message": "Food is an incredibly vast and fascinating topic, encompassing everything from the biological necessity of survival to the intricate cultural and social aspects of human life. Let's break it down into some key areas:\n\n**1. The Biological Foundation:**\n\n*   **What is food?** At its core, food is any substance consumed to provide nutritional support for an organism. This typically comes from plants, animals, and fungi, and contains essential nutrients like carbohydrates, fats, proteins, vitamins, or minerals.\n*   **Why do we eat?**\n    *   **Energy:** Our bodies need fuel to function, from basic metabolic processes to physical activity. Carbohydrates and fats are primary energy sources.\n    *   **Growth and Repair:** Proteins are the building blocks for our tissues, muscles, and organs, essential for development and healing.\n    *   **Regulation and Protection:** Vitamins and minerals play crucial roles in countless bodily functions, from immune system support to nerve signaling, and act as antioxidants.\n    *   **Water:** Essential for all biological processes, temperature regulation, and nutrient transport.\n\n**2. The Culinary and Nutritional Aspects:**\n\n*   **Macronutrients:**\n    *   **Carbohydrates:** Sugars, starches, and fibers. Provide energy.\n    *   **Proteins:** Made of amino acids. Essential for building and repairing tissues.\n    *   **Fats:** Lipids. Provide energy, insulate organs, and help absorb certain vitamins.\n*   **Micronutrients:**\n    *   **Vitamins:** Organic compounds needed in small amounts for various metabolic processes (e.g., Vitamin C, Vitamin D, B Vitamins).\n    *   **Minerals:** Inorganic elements essential for bodily functions (e.g., Calcium, Iron, Potassium).\n*   **Cooking:** The process of preparing food using heat or other methods. It not only makes food more palatable and digestible but can also kill harmful bacteria and enhance nutrient availability.\n    *   **Methods:** Boiling, frying, baking, roasting, steaming, grilling, etc.\n    *   **Ingredients:** The raw components used in cooking.\n*   **Nutrition:** The science of how food affects the body. This includes understanding dietary needs, balanced meals, and the impact of specific foods on health.\n\n**3. The Cultural and Social Dimensions:**\n\n*   **Identity and Heritage:** Food is deeply intertwined with cultural identity. Traditional dishes, cooking methods, and meal rituals are passed down through generations, representing a connection to ancestry and community.\n*   **Celebrations and Rituals:** Food plays a central role in holidays, festivals, religious ceremonies, and life events like weddings and birthdays.\n*   **Social Connection:** Sharing meals is a fundamental way for people to connect, socialize, and build relationships. It fosters community and a sense of belonging.\n*   **Geography and Agriculture:** Where we live heavily influences the types of food available. Local climates, soil conditions, and agricultural practices shape regional cuisines.\n*   **Economics:** Food production, distribution, and consumption are major economic forces. Issues like food security, fair trade, and sustainable agriculture are crucial.\n*   **Global Cuisine:** The incredible diversity of food traditions around the world. From the spices of India to the pasta of Italy, each culture offers a unique culinary experience.\n\n**4. The Sensory Experience:**\n\n*   **Taste:** The primary way we perceive food. Five basic tastes: sweet, sour, salty, bitter, and umami.\n*   **Smell (Aroma):** A significant contributor to flavor. Our sense of smell is intricately linked to our perception of taste.\n*   **Texture:** The feel of food in the mouth (e.g., crunchy, creamy, chewy, smooth). This adds another layer to the enjoyment of food.\n*   **Appearance:** The visual appeal of food can influence our appetite and expectations.\n\n**5. Contemporary Food Trends and Challenges:**\n\n*   **Dietary Trends:** Vegetarianism, veganism, gluten-free, keto, paleo, etc., reflecting evolving health concerns and ethical considerations.\n*   **Sustainability:** Growing awareness of the environmental impact of food production, leading to interest in plant-based diets, local sourcing, and reducing food waste.\n*   **Food Technology:** Innovations in food processing, preservation, and even the creation of alternative proteins.\n*   **Food Security:** Ensuring that all people have access to sufficient, safe, and nutritious food.\n*   **Health and Wellness:** The increasing focus on how food impacts our physical and mental well-being.\n\n**In essence, food is much more than just fuel. It's a source of pleasure, comfort, connection, and cultural expression. It's a reflection of our history, our environment, and our values.**\n\nWhat specific aspect of food are you most interested in? We could delve deeper into cuisines, nutritional science, the history of certain dishes, or anything else that sparks your curiosity!",
    "timestamp": "2025-11-16T14:12:40.737668"
  },
  {
    "type": "user",
    "message": "tell me about food",
    "timestamp": "2025-11-16T14:25:35.769817"
  },
  {
    "type": "ai",
    "message": "Food! What a wonderfully vast and endlessly fascinating topic. It's so much more than just sustenance; it's culture, history, science, art, community, and so much more.\n\nLet's break down what \"food\" encompasses:\n\n**1. The Basics: What is Food?**\n\nAt its core, food is any substance consumed to provide nutritional support for an organism. It's usually of plant, animal, or fungal origin, and contains essential nutrients, such as carbohydrates, fats, proteins, vitamins, or minerals.\n\n**2. The Purpose of Food:**\n\n*   **Nutrition and Energy:** This is the most fundamental role. Food provides the building blocks and fuel our bodies need to grow, repair, function, and survive.\n*   **Pleasure and Enjoyment:** Let's be honest, food is delicious! The flavors, textures, and aromas contribute significantly to our enjoyment of life.\n*   **Social Connection and Culture:** Food is a powerful social lubricant. Meals bring people together for celebrations, holidays, everyday conversations, and building relationships. Food traditions are deeply embedded in our cultures, passed down through generations.\n*   **Identity and Belonging:** What we eat, and how we eat it, often defines us and connects us to our communities, heritage, or beliefs.\n*   **Health and Well-being:** The right kinds of food can promote good health, prevent diseases, and improve our overall quality of life. Conversely, poor dietary choices can lead to health problems.\n\n**3. The Components of Food:**\n\n*   **Macronutrients:** These are needed in larger quantities and provide energy:\n    *   **Carbohydrates:** The primary source of energy. Found in grains, fruits, vegetables, and sugars.\n    *   **Proteins:** Essential for building and repairing tissues, making enzymes and hormones. Found in meat, fish, eggs, dairy, legumes, and nuts.\n    *   **Fats:** Provide energy, insulate the body, and help absorb certain vitamins. Found in oils, butter, nuts, seeds, and fatty meats.\n*   **Micronutrients:** These are needed in smaller quantities but are vital for various bodily functions:\n    *   **Vitamins:** Organic compounds like Vitamin C, Vitamin D, B vitamins, etc.\n    *   **Minerals:** Inorganic elements like calcium, iron, zinc, potassium, etc.\n*   **Water:** Crucial for all bodily processes.\n*   **Fiber:** Important for digestion and overall health, found in plant-based foods.\n\n**4. Food Around the World (Culinary Diversity):**\n\nThis is where it gets really exciting! Every culture has its unique way of preparing and enjoying food. Think about:\n\n*   **Global Cuisines:** Italian pasta, Japanese sushi, Mexican tacos, Indian curries, French pastries, Thai stir-fries, and the list goes on infinitely!\n*   **Ingredients:** From exotic spices and rare fruits to staple grains and common vegetables, the variety of ingredients used globally is astounding.\n*   **Cooking Methods:** Grilling, baking, frying, steaming, braising, fermenting – each method transforms ingredients in different ways.\n*   **Regional Specialties:** Even within countries, there are distinct regional variations in food.\n\n**5. The Science of Food:**\n\n*   **Nutrition Science:** Understanding how our bodies use nutrients.\n*   **Food Chemistry:** The study of chemical reactions that occur during cooking and food storage.\n*   **Food Safety:** Ensuring food is safe to eat and free from harmful pathogens or contaminants.\n*   **Food Technology:** Innovations in food production, processing, and preservation.\n\n**6. Food and Society:**\n\n*   **Agriculture:** The foundation of our food supply.\n*   **Food Industry:** From farms to forks, the complex chain of production, distribution, and retail.\n*   **Food Trends:** What's popular now? Plant-based diets, sustainable eating, gourmet experiences, comfort food revival.\n*   **Food Security and Insecurity:** The challenge of ensuring everyone has access to sufficient, safe, and nutritious food.\n*   **Food Ethics:** Concerns about animal welfare, environmental impact, and fair labor practices in food production.\n\n**What aspects of food are you most interested in? To give you a more focused answer, tell me:**\n\n*   Are you curious about a specific cuisine?\n*   Are you interested in the health aspects of food?\n*   Do you want to know about the science behind cooking?\n*   Are you thinking about food history?\n*   Perhaps you're wondering about sustainable food practices?\n\nLet's explore the world of food together!",
    "timestamp": "2025-11-16T14:25:35.769817"
  },
  {
    "type": "user",
    "message": "tell me about cookies",
    "timestamp": "2025-11-16T14:32:25.519856"
  },
  {
    "type": "ai",
    "message": "Ah, cookies! They're a fascinating blend of technology, user experience, and a little bit of mystery. Let's dive into what they are, how they work, and why they're so ubiquitous on the internet.\n\n## What Exactly Are Cookies?\n\nAt their core, **cookies are small pieces of data that a website asks your browser to store on your device (your computer, phone, or tablet).** Think of them like tiny digital notes that websites leave behind for you.\n\nThese notes contain information that helps the website \"remember\" you and your preferences when you visit again.\n\n## How Do Cookies Work?\n\nThe process is quite simple and happens behind the scenes:\n\n1.  **Visit a Website:** When you visit a website for the first time, the website's server sends a request to your browser.\n2.  **Server Sends a Cookie:** Along with the web page itself, the server can also send a cookie. This cookie contains a small piece of text data (like a unique identifier or a setting).\n3.  **Browser Stores the Cookie:** Your browser receives the cookie and stores it on your device.\n4.  **Return Visit:** The next time you visit the same website, your browser automatically checks if it has any cookies stored for that site.\n5.  **Browser Sends the Cookie Back:** If a cookie is found, your browser sends it back to the website's server with your request.\n6.  **Website Recognizes You:** The server reads the cookie and uses the information to personalize your experience, remember your login, or load your settings.\n\n## What Kind of Information Do Cookies Store?\n\nCookies can store a variety of information, including:\n\n*   **Login Credentials:** So you don't have to re-enter your username and password every time you visit a site.\n*   **User Preferences:** Like language settings, theme choices, or layout customizations.\n*   **Shopping Cart Contents:** Allowing you to add items to a cart and return later to find them still there.\n*   **Browsing History/Activity:** To track which pages you've visited on a site.\n*   **Unique Identifiers:** To distinguish you from other users.\n\n## Types of Cookies\n\nCookies aren't all the same. They can be categorized in a few ways:\n\n### By Duration:\n\n*   **Session Cookies:** These are temporary and only last as long as your browser session. When you close your browser, session cookies are deleted. They are often used for things like keeping you logged in during a single visit.\n*   **Persistent Cookies:** These cookies remain on your device for a set period, even after you close your browser. They are used to remember your preferences and settings over multiple visits. The expiration date is set by the website.\n\n### By Origin:\n\n*   **First-Party Cookies:** These are set by the website you are currently visiting. They are generally used to enhance your experience on that specific site.\n*   **Third-Party Cookies:** These are set by domains other than the one you are visiting. They are often used by advertisers and analytics services to track your browsing behavior across multiple websites. This is where privacy concerns often arise.\n\n### By Function:\n\n*   **Essential/Strictly Necessary Cookies:** These are vital for a website to function correctly, like enabling you to navigate and use its features.\n*   **Performance Cookies:** These collect anonymous data about how you use a website, such as which pages you visit most often. This helps website owners improve their site's performance.\n*   **Functionality Cookies:** These remember choices you make (like your username, language, or region) to provide more personalized features.\n*   **Targeting/Advertising Cookies:** These track your browsing habits to deliver advertisements that are more relevant to you. They are often used by third-party advertisers.\n\n## Why Are Cookies Important?\n\nCookies are essential for a smooth and personalized internet experience. Without them, many common functionalities would be impossible:\n\n*   **Personalization:** Imagine visiting your favorite online store and having to re-select your language and currency every single time.\n*   **E-commerce:** Shopping carts wouldn't remember what you've added.\n*   **User Convenience:** Logging in and out repeatedly would be tedious.\n*   **Website Analytics:** Website owners use cookies to understand how users interact with their sites, which helps them make improvements.\n\n## Privacy Concerns and Cookie Management\n\nWhile beneficial, cookies, particularly third-party cookies, have raised significant privacy concerns. Because they can track your activity across different websites, they can be used to build a detailed profile of your online behavior for targeted advertising.\n\n**Here's what you can do about it:**\n\n*   **Browser Settings:** Most browsers allow you to:\n    *   **View cookies:** See which cookies are stored for each website.\n    *   **Delete cookies:** Remove all or specific cookies.\n    *   **Block cookies:** Prevent certain websites or all websites from setting cookies.\n    *   **Manage cookie permissions:** Decide whether to accept or reject cookies on a per-site basis.\n*   **Cookie Banners:** You'll often see prominent cookie banners on websites, especially in regions with stricter privacy laws (like GDPR in Europe). These banners usually ask for your consent to use different types of cookies. You can typically choose to accept all, reject all, or customize your preferences.\n*   **Browser Extensions:** Many browser extensions are designed to enhance privacy by blocking trackers and managing cookies more effectively.\n\n## The Future of Cookies\n\nThe landscape of cookies is evolving. Many browsers are phasing out support for third-party cookies due to privacy concerns, and new technologies are being developed to offer personalization and advertising tracking in more privacy-preserving ways.\n\n## In Summary:\n\nCookies are small data files that websites use to remember information about you, enabling personalized experiences, convenient navigation, and essential website functionalities. While incredibly useful, they also come with privacy considerations, which you can manage through your browser settings and by understanding cookie consent banners.\n\nDo you have any specific questions about cookies, like how to manage them on your browser or their role in advertising? I'm happy to go into more detail!",
    "timestamp": "2025-11-16T14:32:25.519856"
  },
  {
    "type": "user",
    "message": "she see sea shells in the sea shores",
    "timestamp": "2025-11-16T14:33:16.680626"
  },
  {
    "type": "ai",
    "message": "This is a simple and direct sentence! It's grammatically correct and easy to understand.\n\nHere's a breakdown of why it works:\n\n*   **Subject:** \"she\"\n*   **Verb:** \"see\" (in the present tense, implying a general or habitual action)\n*   **Object:** \"sea shells\"\n*   **Prepositional Phrase:** \"in the sea shores\" (specifies the location)\n\n**Possible interpretations and nuances:**\n\n*   **Habitual action:** She habitually or regularly sees seashells on the seashore.\n*   **Observation in the present:** Right now, she is observing seashells on the seashore.\n*   **Poetic or descriptive:** The repetition of \"sea\" and \"shore\" creates a rhythmic, almost poetic feel.\n\n**If you were looking for something more, you could consider:**\n\n*   **Adding detail:** What kind of seashells? How does she see them? (e.g., \"She sees glistening seashells scattered on the wet sea shores.\")\n*   **Changing the tense:**\n    *   Past: \"She **saw** sea shells in the sea shores.\"\n    *   Future: \"She **will see** sea shells in the sea shores.\"\n    *   Present continuous: \"She **is seeing** sea shells in the sea shores.\"\n*   **Varying the vocabulary:** Instead of \"see,\" you could use \"find,\" \"gather,\" \"spot,\" \"notice.\" Instead of \"sea shores,\" you could use \"beaches,\" \"coastlines.\"\n\nBut as it stands, \"She see sea shells in the sea shores\" is a perfectly good sentence.",
    "timestamp": "2025-11-16T14:33:16.680626"
  },
  {
    "type": "user",
    "message": "tell me aboyt witches",
    "timestamp": "2025-11-16T14:36:01.085843"
  },
  {
    "type": "ai",
    "message": "The image of a witch is a rich tapestry woven from centuries of folklore, fear, and fascination. It's a concept that has evolved dramatically over time and varies significantly across cultures. Here's a breakdown of what \"witches\" generally refer to:\n\n**Historical and Folkloric Roots:**\n\n*   **Ancient Beliefs:** Belief in individuals who could harness supernatural powers for good or ill is ancient. These figures were often seen as healers, diviners, or those who could influence the natural world. They might have been revered or feared, depending on their perceived intentions and the community's needs.\n*   **The \"Witch Hunts\" (Medieval and Early Modern Europe):** This period, roughly from the 15th to the 18th centuries, is perhaps the most notorious association with witches. During this time, widespread panic and religious fervor led to the persecution of thousands of people, disproportionately women, accused of witchcraft. These accusations often stemmed from:\n    *   **Religious Dogma:** The devil was believed to grant power to witches, making them agents of evil.\n    *   **Social and Economic Factors:** Accusations could be a way to ostracize the marginalized, settle grudges, or explain misfortune (like crop failure or illness).\n    *   **Misunderstandings of Nature and Medicine:** Folk remedies and knowledge of herbs could be misconstrued as magical or demonic.\n    *   **Confessions (often coerced):** Torture was frequently used to extract confessions of pacts with the devil, sabbaths, and casting spells.\n    *   **Stereotypes:** The image of the hag, the crone with a pointy hat and a black cat, began to solidify during this era.\n\n**Common Portrayals and Stereotypes:**\n\n*   **The Malevolent Sorceress:** This is the most enduring image, often depicted as an old, ugly woman who curses people, causes harm, and consorts with demons. This stereotype fueled the witch hunts.\n*   **The Healer/Wise Woman:** In contrast to the malevolent stereotype, many historical figures accused of witchcraft were actually village healers, midwives, or herbalists who possessed knowledge of medicinal plants and traditional remedies.\n*   **The Nature-Connected Individual:** Witches are often associated with the natural world, possessing a deep understanding of plants, animals, and the cycles of nature.\n*   **The Practicer of Magic:** This can encompass a wide range of abilities, from casting spells and brewing potions to shapeshifting and communicating with spirits.\n*   **The Symbol of Female Power:** In a patriarchal society, the idea of women wielding significant power, even if demonized, could be both terrifying and intriguing.\n\n**Modern Interpretations and Movements:**\n\n*   **Wicca and Modern Paganism:** In the 20th century, figures like Gerald Gardner popularized Wicca, a modern pagan religion that draws inspiration from historical witchcraft traditions, though often reinterpreting them in a positive and spiritual light. Wiccans typically practice nature-based spirituality, often honoring a Goddess and a God, and focus on healing, growth, and positive energy.\n*   **Feminist Symbolism:** The witch has been reclaimed by some feminists as a symbol of female empowerment, independence, and rebellion against patriarchal oppression. The \"witchy\" aesthetic and ethos have become popular in certain subcultures.\n*   **Pop Culture:** Witches remain a popular figure in literature, film, and television. These portrayals range from the whimsical (like Hermione Granger in Harry Potter) to the dark and complex (like the witches in \"The Craft\").\n\n**Key Themes and Concepts Associated with Witches:**\n\n*   **Magic and Spells:** The ability to influence events or people through supernatural means.\n*   **Herbalism and Potions:** Knowledge of plants and their medicinal or magical properties.\n*   **Divination:** The ability to predict the future or gain hidden knowledge (e.g., through tarot cards, scrying).\n*   **Familiars:** Animals, often cats, toads, or owls, believed to be companions and assistants to witches.\n*   **Covens:** Groups of witches who gather for rituals and practice together.\n*   **The Sabbath:** In historical demonology, a nocturnal meeting of witches, often believed to involve devil worship.\n*   **Nature and the Elements:** A strong connection to the earth, moon, seasons, and natural forces.\n\n**Important Considerations:**\n\n*   **Distinction between Folklore and Reality:** It's crucial to differentiate between the historical reality of accusations and persecution and the often fantastical or symbolic portrayals of witches in folklore and fiction.\n*   **Diversity of Beliefs:** The term \"witch\" is used in many different contexts today. A modern Wiccan practitioner is very different from the historical figure accused during the witch trials.\n*   **Stereotypes vs. Lived Experience:** The stereotypical image of the witch can obscure the lived experiences of people who identify with witchcraft or pagan traditions.\n\nIn conclusion, \"witches\" are a multifaceted concept. Historically, they were often figures of fear and persecution. Today, the term encompasses a wide range of beliefs, from modern spiritual paths like Wicca to empowering feminist symbolism and enduring figures in popular culture. The idea of a witch continues to intrigue and evolve, reflecting our ongoing fascination with the unknown, the powerful, and the forbidden.",
    "timestamp": "2025-11-16T14:36:01.085843"
  },
  {
    "type": "user",
    "message": "tell me about witches that help with coding",
    "timestamp": "2025-11-16T14:38:08.148978"
  },
  {
    "type": "ai",
    "message": "It's a delightful thought! While \"witches\" in the traditional sense don't cast spells on computers, the idea of them assisting with coding sparks some wonderful creative interpretations. Here are a few ways we can imagine witches helping with coding:\n\n**1. The \"Code Whisperers\" / \"Algorithmic Enchanters\":**\n\n*   **Intuitive Debugging:** Instead of meticulously tracing errors, these witches might \"feel\" the problem. They'd run their hands over the keyboard, gaze intently at the screen, and whisper ancient incantations (or perhaps just some well-chosen Pythonic slang) that magically reveal the bug's location.\n*   **Syntactic Sorcery:** They could possess an innate understanding of programming languages, seeing the underlying logic and structure like patterns in the stars. They might draw diagrams in the air that translate directly into elegant code.\n*   **Algorithm Alchemy:** They could transmute abstract ideas into efficient algorithms. Imagine them stirring a cauldron of data, and the perfect sorting algorithm emerges, or brewing a potion of recursion that solves a complex problem.\n*   **\"Hex\"ing Bugs Away:** Rather than fixing them, they might \"hex\" the bugs out of existence. A flick of the wrist, a muttered word, and the faulty line of code is banished forever.\n\n**2. The \"Digital Druids\" / \"Cybernetic Shamans\":**\n\n*   **Connecting with the \"Spirit\" of the Code:** They might believe that every piece of software has a spirit or essence. They'd commune with this spirit, understanding its needs and desires, and then translate that into clean, well-functioning code.\n*   **Nature-Inspired Design Patterns:** Their coding styles could be deeply influenced by natural systems. Think of fractal patterns in UI design, or object-oriented structures mimicking biological ecosystems.\n*   **\"Elemental\" Programming:** They might categorize programming concepts into elements – fire for dynamic execution, water for data flow, earth for stable architecture, and air for communication protocols.\n*   **Prophesying Future Bugs:** Through scrying or interpreting server logs like tea leaves, they could foresee potential issues before they even arise, allowing for proactive fixes.\n\n**3. The \"Craftswomen of the Circuits\" / \"Tinker Witches\":**\n\n*   **Hardware Harmony:** These witches might have a deep connection with the physical realm of computing. They could intuitively understand how hardware and software interact, optimizing performance by \"listening\" to the humming of the servers.\n*   **\"Enchanted\" Hardware:** They might create custom hardware components with unique properties, like processors that run on moonlight or GPUs that accelerate computations with crystal energy.\n*   **Grounded Development:** Their focus would be on solid, reliable code. They'd build robust systems that are less prone to crashing, as if they were weaving a sturdy tapestry.\n*   **\"Charm\"ing User Interfaces:** Their UI designs would be so intuitive and user-friendly, they'd feel almost magical to interact with.\n\n**4. The \"Lore Keepers\" / \"Bibliomancers of the Web\":**\n\n*   **Unearthing Hidden Knowledge:** They'd be masters of searching and finding. They could delve into obscure online forums, forgotten documentation, and ancient Stack Overflow threads to unearth the perfect solution.\n*   **\"Summoning\" Libraries and Frameworks:** They might have a knack for finding and integrating the most powerful and relevant libraries, as if summoning them from a digital ether.\n*   **Deciphering Obfuscated Code:** They could unravel the most complex and intentionally confusing code, seeing the logic behind the obfuscation.\n*   **Knowledge Divination:** They might be able to look at a project's requirements and divine the best technologies and approaches to use.\n\n**Common Traits of Coding Witches:**\n\n*   **Intuition and Gut Feeling:** Beyond pure logic, they'd rely heavily on their intuition to guide their coding decisions.\n*   **Patience and Persistence:** Like any good witch, they'd understand that mastery takes time and effort. They wouldn't give up easily on difficult problems.\n*   **A Touch of Mysticism:** Even if the underlying principles are logical, their approach might be imbued with a sense of wonder and mystery.\n*   **Collaborative Spirit:** While they might work independently, they'd also be willing to share their knowledge and help fellow coders on their journeys.\n*   **Respect for the Craft:** They'd approach coding with reverence, understanding the power and potential of well-crafted software.\n\n**In essence, coding witches would be those who approach programming with a blend of technical skill, deep intuition, and a touch of magical thinking, making the often-challenging world of code feel more accessible, creative, and even enchanting.**\n\nWhat kind of coding witch do you imagine? This is a fun concept to explore!",
    "timestamp": "2025-11-16T14:38:08.148978"
  },
  {
    "type": "user",
    "message": "tell me about seafarer",
    "timestamp": "2025-11-16T14:47:06.490246"
  },
  {
    "type": "ai",
    "message": "The term \"seafarer\" is a broad and evocative one, generally referring to anyone who makes their living or travels extensively by sea. It conjures images of adventure, hard work, resilience, and a deep connection to the ocean.\n\nHere's a breakdown of what \"seafarer\" can encompass and the associated aspects:\n\n**Who is a Seafarer?**\n\n*   **Professional Mariners:** This is the most common understanding. It includes people who work on ships for a living, such as:\n    *   **Deck Crew:** Officers (Captain, First Officer, Second Officer), Able Seamen, Ordinary Seamen. They are responsible for navigation, cargo operations, ship maintenance, and the overall safety of the vessel.\n    *   **Engine Crew:** Chief Engineer, Second Engineer, Motormen. They manage and maintain the ship's engines, propulsion systems, and other machinery.\n    *   **Catering Staff:** Cooks, stewards, waiters. They provide food and accommodation services to the crew and passengers.\n    *   **Specialized Personnel:** Pilots, navigators, radio operators, medical officers, etc.\n    *   **Fishermen:** While often a distinct category, commercial fishermen are also seafarers who spend significant time at sea.\n\n*   **Naval Personnel:** Sailors in military navies are also seafarers, performing a wide range of duties in wartime and peacetime.\n\n*   **Other Maritime Professionals:** This could extend to those who work on offshore platforms, research vessels, or even some types of ferry operators.\n\n*   **Historical Context:** The term historically referred to anyone who traveled by sea, including explorers, merchants, pirates, and passengers on early ocean voyages.\n\n**Key Characteristics and Experiences of Seafarers:**\n\n*   **Dedication and Hard Work:** Life at sea is demanding. Seafarers often work long hours, in challenging weather conditions, and away from loved ones for extended periods.\n*   **Resilience and Adaptability:** They must be able to cope with isolation, confined spaces, unpredictable weather, and the constant motion of the ship.\n*   **Skill and Expertise:** Operating and maintaining a modern vessel requires a high level of technical knowledge and practical skills.\n*   **Sense of Camaraderie:** Due to shared experiences and isolation, a strong bond often forms between crew members.\n*   **Global Perspective:** Seafarers witness the world from a unique vantage point, interacting with different cultures and traversing vast distances.\n*   **Risk and Danger:** While modern shipping is safer than in the past, seafarers still face risks from accidents, piracy, and harsh weather.\n*   **Isolation and Loneliness:** Being away from family and friends for months at a time can be emotionally taxing.\n*   **Sense of Purpose:** Many seafarers take pride in their vital role in global trade and transportation.\n\n**The Importance of Seafarers:**\n\nSeafarers are the backbone of the global economy. They are responsible for transporting approximately **90% of the world's goods**, including:\n\n*   Fuel (oil, gas)\n*   Food (grains, fruits, vegetables)\n*   Manufactured goods (cars, electronics, clothing)\n*   Raw materials (minerals, timber)\n\nWithout seafarers, modern life as we know it would be impossible.\n\n**Challenges Faced by Seafarers:**\n\n*   **Long Periods Away from Home:** This is a significant emotional and social challenge.\n*   **Access to Shore Leave and Services:** Limited shore leave and difficulties accessing communication, medical care, and repatriation can be problematic.\n*   **Mental Health:** Isolation, stress, and fatigue can contribute to mental health issues.\n*   **Piracy and Security:** While less prevalent on major shipping routes, piracy remains a concern in certain areas.\n*   **Changing Maritime Regulations and Technology:** Seafarers need to constantly adapt to new rules and technologies.\n*   **Recognition and Appreciation:** The vital work of seafarers is often overlooked by the general public.\n\n**Modern Seafaring:**\n\nToday's seafarers operate highly sophisticated vessels equipped with advanced technology. The industry is constantly evolving, with a focus on efficiency, safety, and environmental sustainability.\n\n**In summary, a seafarer is more than just someone who works on a ship. They are skilled professionals who undertake arduous and essential work, connecting the world through its waterways. Their lives are a testament to human resilience, dedication, and a unique relationship with the sea.**\n\nIf you have a more specific aspect of \"seafarer\" you're interested in (e.g., historical seafarers, modern merchant mariners, the life of a sailor), feel free to ask for more detail!",
    "timestamp": "2025-11-16T14:47:06.490246"
  },
  {
    "type": "user",
    "message": "tell me about spacefare",
    "timestamp": "2025-11-16T14:49:30.792562"
  },
  {
    "type": "ai",
    "message": "\"Spacefare\" is a fascinating and broad term that can encompass several related concepts. To give you the most helpful answer, I'll break down what it generally refers to and then explore some specific interpretations.\n\n**At its core, \"Spacefare\" refers to the concept of travel and transportation beyond Earth's atmosphere.** This includes everything from launching satellites to colonizing other planets.\n\nHere's a breakdown of the different facets of spacefare:\n\n**1. The Act of Space Travel (Physical):**\n\n*   **Rockets and Launch Vehicles:** This is the foundational element of spacefare. Rockets use powerful engines to overcome Earth's gravity and propel spacecraft into orbit or beyond. Examples include:\n    *   **Saturn V:** The iconic rocket that took humans to the Moon.\n    *   **Space Shuttle:** A reusable spacecraft that served for decades.\n    *   **Falcon 9 & Heavy (SpaceX):** Modern, partially reusable rockets revolutionizing launch costs.\n    *   **SLS (NASA):** NASA's powerful rocket for deep space exploration.\n*   **Spacecraft:** These are the vehicles designed to operate in the vacuum of space. They come in various forms:\n    *   **Satellites:** For communication, observation, navigation, etc.\n    *   **Space Probes:** For scientific exploration of planets, asteroids, and comets.\n    *   **Space Stations:** For long-term human presence in orbit (e.g., ISS).\n    *   **Human-rated spacecraft:** Designed to carry astronauts safely (e.g., Crew Dragon, Orion).\n    *   **Future concepts:** Interstellar probes, colony ships, etc.\n*   **Orbital Mechanics:** The physics governing how objects move in space, including orbits, trajectories, and gravitational influences.\n*   **Life Support Systems:** Essential for human space travel, providing breathable air, water, and temperature control.\n*   **Propulsion Systems:** Beyond chemical rockets, future spacefare may rely on more advanced systems like:\n    *   **Ion Thrusters:** Efficient for long journeys.\n    *   **Nuclear Propulsion:** For faster travel.\n    *   **Solar Sails:** Using sunlight for propulsion.\n    *   **Exotic concepts:** Warp drives, Alcubierre drives (theoretical).\n\n**2. The Infrastructure of Spacefare:**\n\n*   **Launch Sites:** Facilities from which rockets are launched (e.g., Cape Canaveral, Baikonur Cosmodrome, Starbase).\n*   **Ground Control:** Operations centers that monitor and control spacecraft from Earth.\n*   **Deep Space Network:** A global network of radio antennas for communicating with spacecraft far from Earth.\n*   **Orbital Debris Management:** A growing concern as space becomes more populated.\n*   **Spaceports:** Future facilities for launching and landing spacecraft, potentially on Earth, the Moon, or Mars.\n\n**3. The Economics and Business of Spacefare:**\n\n*   **Space Industry:** A rapidly growing sector involving companies developing rockets, satellites, and providing space-based services.\n*   **Launch Services:** Companies like SpaceX, ULA, and Arianespace offer to put payloads into orbit.\n*   **Satellite Services:** Telecommunications, Earth observation, navigation (GPS, Galileo), and more.\n*   **Space Tourism:** Companies like Virgin Galactic and Blue Origin are making suborbital and orbital flights accessible to paying customers.\n*   **Resource Utilization (In-Situ Resource Utilization - ISRU):** The concept of using resources found in space (e.g., water ice on the Moon or Mars) to reduce the need for Earth-based supplies. This is crucial for long-term space presence.\n*   **Space Mining:** The potential for extracting valuable minerals and resources from asteroids and other celestial bodies.\n\n**4. The Policy, Law, and Ethics of Spacefare:**\n\n*   **Space Treaties:** International agreements governing the exploration and use of outer space (e.g., Outer Space Treaty).\n*   **Space Law:** The body of law that applies to activities in outer space.\n*   **Space Traffic Management:** Regulating the increasing number of objects in orbit to prevent collisions.\n*   **Ethics of Colonization:** Debates about our right to inhabit and alter other celestial bodies, and our responsibilities towards potential extraterrestrial life.\n*   **Space Debris Mitigation:** Policies and technologies to reduce the creation of space junk.\n\n**5. The Vision and Future of Spacefare:**\n\n*   **Colonization of the Moon and Mars:** Establishing permanent human settlements beyond Earth.\n*   **Interstellar Travel:** The ambitious goal of reaching other star systems, requiring revolutionary propulsion technologies.\n*   **Terraforming:** Modifying the atmosphere and environment of a planet to make it habitable.\n*   **Space-Based Industries:** Manufacturing, research, and energy generation in space.\n*   **Interplanetary and Interstellar Exploration:** Sending probes and potentially humans to explore the farthest reaches of our solar system and beyond.\n\n**In essence, \"Spacefare\" represents humanity's ongoing endeavor to venture beyond our home planet.** It's a blend of cutting-edge science and engineering, ambitious vision, economic opportunity, and complex ethical considerations. The term is often used to evoke a sense of adventure, progress, and the boundless potential of human exploration.\n\n**If you have a specific aspect of spacefare you'd like to know more about, please feel free to ask!** For example, are you interested in the history of space travel, the current state of the space industry, or the theoretical possibilities of future spacefare?",
    "timestamp": "2025-11-16T14:49:30.792562"
  },
  {
    "type": "user",
    "message": "spacefaring patriots",
    "timestamp": "2025-11-16T14:52:11.527681"
  },
  {
    "type": "ai",
    "message": "\"Spacefaring Patriots\" is a compelling and evocative phrase that immediately conjures a sense of adventure, heroism, and a deep connection to a nation or ideal. It suggests a blend of technological advancement and a strong sense of national pride or ideological commitment.\n\nHere are several ways to interpret and explore \"Spacefaring Patriots\":\n\n**Possible Meanings and Interpretations:**\n\n*   **Astronauts and Cosmonauts with National Pride:** The most direct interpretation is of astronauts or cosmonauts who are driven by a sense of patriotism for their home country. They represent their nation on the grandest of stages, carrying its flag and its ambitions into the cosmos. This evokes imagery of national heroes pushing boundaries.\n*   **Pioneers of a New Frontier for Their Nation:** Beyond just the individuals, it could refer to the collective effort of a nation to explore and colonize space. These are the \"patriots\" who see space as an extension of their nation's territory, a place to build new settlements and expand their influence.\n*   **Ideological Patriots:** The \"patriotism\" might not be strictly nationalistic, but rather a deep commitment to a particular ideology or set of principles that are being exported or defended in space. This could be democratic ideals, scientific progress, or even a spiritual mission.\n*   **Guardians of National Interests in Space:** In a more militaristic or strategic sense, \"Spacefaring Patriots\" could be those who defend their nation's assets, interests, and sovereignty in space. This brings to mind space forces and the protection of national infrastructure.\n*   **Symbolic Representation of a Nation's Ambition:** The phrase can be used metaphorically to describe a nation's overall aspirations and achievements in space. It's the embodiment of a country's courage and ingenuity in reaching for the stars.\n\n**Themes and Concepts Associated with \"Spacefaring Patriots\":**\n\n*   **Exploration and Discovery:** The inherent drive to push beyond known boundaries.\n*   **Nationalism and Identity:** The pride and unity that comes from a shared national endeavor.\n*   **Technological Advancement:** The cutting-edge science and engineering required for space travel.\n*   **Heroism and Sacrifice:** The personal risks undertaken by those who venture into space.\n*   **Manifest Destiny (in a cosmic sense):** The idea of a nation's right or duty to expand its influence and presence.\n*   **Interstellar Diplomacy and Conflict:** The potential for nations to interact, cooperate, or compete in space.\n*   **The Future of Humanity:** The role of spacefaring nations in shaping the long-term destiny of our species.\n\n**Where you might encounter this phrase:**\n\n*   **Science Fiction Literature and Films:** This is a prime area for such a concept, exploring themes of interstellar nations, cosmic wars, and patriotic space explorers.\n*   **Political Rhetoric:** Leaders might use this phrase to rally support for space programs and evoke national pride.\n*   **Historical Accounts (of space races):** While perhaps not explicitly used, the sentiment of \"spacefaring patriots\" is deeply embedded in the history of the space race between the US and USSR.\n*   **Speculative Essays and Articles:** Discussions about the future of space exploration and potential national involvement.\n\n**To give you a more specific and helpful response, could you tell me more about what you're interested in regarding \"Spacefaring Patriots\"? For example, are you thinking about:**\n\n*   A specific fictional universe?\n*   A real-world concept?\n*   A particular aspect like their motivations or challenges?\n*   A story idea you have?\n\nThe more context you provide, the better I can tailor my answer!",
    "timestamp": "2025-11-16T14:52:11.527681"
  },
  {
    "type": "user",
    "message": "tell me about grok",
    "timestamp": "2025-11-16T14:56:24.273936"
  },
  {
    "type": "ai",
    "message": "It seems you're asking about **Grok**, the AI chatbot developed by **xAI**, Elon Musk's artificial intelligence company.\n\nHere's a breakdown of what Grok is, what it aims to be, and its key features:\n\n**What is Grok?**\n\nGrok is a large language model (LLM) designed to be a conversational AI assistant. It's built to understand and generate human-like text, answer questions, summarize information, and engage in creative writing.\n\n**Key Characteristics and Goals:**\n\n*   **Humorous and Sarcastic Tone:** One of Grok's most distinctive features is its intended personality. Elon Musk has stated that Grok is designed to have a \"sense of humor,\" \"sarcasm,\" and a \"rebellious streak.\" This aims to differentiate it from more \"politically correct\" AI models.\n*   **Access to Real-time Information:** A significant advantage Grok is touted to have is its access to and processing of information from the **X (formerly Twitter) platform in real-time**. This allows it to discuss current events and breaking news with a speed that many other LLMs cannot match.\n*   **Unfiltered Responses:** Musk has also suggested that Grok will be less censored and more willing to answer questions that other AI models might decline due to their safety protocols. This is a point of both interest and concern, as it raises questions about the potential for misinformation and harmful content.\n*   **Focus on Truthfulness:** Despite the emphasis on a less filtered approach, xAI claims that Grok is being developed with a strong emphasis on truthfulness and accuracy.\n*   **Open-Source (eventually):** While not immediately available, xAI has expressed intentions to open-source Grok's codebase in the future, allowing developers to build upon it.\n\n**How it Works (Under the Hood):**\n\nLike other advanced LLMs, Grok is based on a transformer architecture. It has been trained on a massive dataset of text and code, allowing it to learn patterns, grammar, facts, and reasoning abilities. Its ability to access X data is a key component of its architecture.\n\n**Who Can Access Grok?**\n\nCurrently, Grok is primarily available to **X Premium+ subscribers** in the United States. It's being rolled out in phases, and access is expected to expand to other regions and subscription tiers over time.\n\n**Potential Applications:**\n\n*   **Information Gathering and Summarization:** Quickly get up to speed on current events, research topics, or summarize lengthy articles.\n*   **Creative Writing and Brainstorming:** Generate ideas for stories, poems, scripts, or marketing copy.\n*   **Coding Assistance:** Help with writing code snippets, debugging, or explaining programming concepts.\n*   **Conversational Companion:** Engage in natural language conversations on a wide range of topics.\n*   **Understanding Nuance:** Its intended personality might make it better at understanding sarcasm and humor in user prompts.\n\n**Challenges and Criticisms:**\n\n*   **Bias and Misinformation:** The real-time access to X, a platform known for its diverse and sometimes unverified content, raises concerns about Grok potentially amplifying misinformation or biases present on the platform.\n*   **Ethical Considerations of \"Unfiltered\" Responses:** The idea of an AI providing \"unfiltered\" responses can be problematic. Safeguards are crucial to prevent the generation of harmful, discriminatory, or illegal content.\n*   **Accuracy and Reliability:** While xAI aims for truthfulness, the rapid nature of real-time data processing can still lead to inaccuracies or misinterpretations.\n*   **\"Sense of Humor\" Subjectivity:** What one person finds humorous, another might find offensive or inappropriate. This is a subjective area for AI to navigate.\n\n**In Summary:**\n\nGrok is an ambitious AI chatbot aiming to be a more engaging, humorous, and up-to-date conversational AI than its predecessors. Its real-time access to X data is a key differentiator, but it also presents significant challenges in terms of accuracy, bias, and ethical considerations. Its development is ongoing, and its long-term impact will depend on how well xAI can balance its stated goals with responsible AI development.\n\nIf you have specific questions about Grok's capabilities, its features, or its underlying technology, feel free to ask!",
    "timestamp": "2025-11-16T14:56:24.273936"
  },
  {
    "type": "user",
    "message": "hi",
    "timestamp": "2025-11-16T15:03:54.061568"
  },
  {
    "type": "ai",
    "message": "Hello! How can I help you today?",
    "timestamp": "2025-11-16T15:03:54.061568"
  },
  {
    "type": "user",
    "message": "hi",
    "timestamp": "2025-11-16T15:06:40.205489"
  },
  {
    "type": "ai",
    "message": "Hello! How can I help you today?",
    "timestamp": "2025-11-16T15:06:40.205489"
  },
  {
    "type": "user",
    "message": "hi",
    "timestamp": "2025-11-16T15:10:49.636410"
  },
  {
    "type": "ai",
    "message": "Hi there! How can I help you today?",
    "timestamp": "2025-11-16T15:10:49.636410"
  },
  {
    "type": "user",
    "message": "hi",
    "timestamp": "2025-11-16T15:11:15.602509"
  },
  {
    "type": "ai",
    "message": "Hello there! How can I help you today?",
    "timestamp": "2025-11-16T15:11:15.602509"
  },
  {
    "type": "user",
    "message": "hi",
    "timestamp": "2025-11-16T15:14:16.687577"
  },
  {
    "type": "ai",
    "message": "Hi there! How can I help you today?",
    "timestamp": "2025-11-16T15:14:16.687577"
  },
  {
    "type": "user",
    "message": "hi",
    "timestamp": "2025-11-16T15:18:39.162872"
  },
  {
    "type": "ai",
    "message": "Hello! How can I help you today?",
    "timestamp": "2025-11-16T15:18:39.162872"
  },
  {
    "type": "user",
    "message": "hi",
    "timestamp": "2025-11-16T15:19:01.685459"
  },
  {
    "type": "ai",
    "message": "Hello there! How can I help you today?",
    "timestamp": "2025-11-16T15:19:01.685459"
  },
  {
    "type": "user",
    "message": "hi",
    "timestamp": "2025-11-16T15:19:48.749755"
  },
  {
    "type": "ai",
    "message": "Hi there! How can I help you today? 😊",
    "timestamp": "2025-11-16T15:19:48.749755"
  },
  {
    "type": "user",
    "message": "hi",
    "timestamp": "2025-11-16T15:21:16.426067"
  },
  {
    "type": "ai",
    "message": "Hello! How can I help you today?",
    "timestamp": "2025-11-16T15:21:16.426067"
  },
  {
    "type": "user",
    "message": "hi",
    "timestamp": "2025-11-16T15:23:18.023589"
  },
  {
    "type": "ai",
    "message": "Hi there! How can I help you today?",
    "timestamp": "2025-11-16T15:23:18.023589"
  }
]